{
  "RaSenTra": {
    "annual_return": 0.004238831568216716,
    "annual_vol": 0.006249224778730938,
    "sharpe": 0.6782971837792524,
    "sortino": 0.4590043378966787,
    "max_drawdown": 0.005796758194013263,
    "calmar": 0.731241743461797,
    "avg_turnover": 0.009724853589352723,
    "total_cost": 0.0048721516482657145,
    "n_days": 501
  },
  "BuyHold": {
    "annual_return": 0.2313550644665969,
    "annual_vol": 0.1218316828785814,
    "sharpe": 1.898972902616535,
    "sortino": 2.9195976384246407,
    "max_drawdown": 0.09191399935607292,
    "calmar": 2.51708190359917,
    "avg_turnover": 0.001996007984031939,
    "total_cost": 0.0010000000000000013,
    "n_days": 501
  },
  "PriceOnly": {
    "annual_return": -0.04562165870544896,
    "annual_vol": 0.06883709370419745,
    "sharpe": -0.662748181982981,
    "sortino": -0.9893670572401607,
    "max_drawdown": 0.13510770483948786,
    "calmar": -0.3376688158506497,
    "avg_turnover": 0.20062026685800002,
    "total_cost": 0.10051075369585802,
    "n_days": 501
  },
  "SentimentOnly": {
    "annual_return": -0.11945668890619364,
    "annual_vol": 0.05662714701350191,
    "sharpe": -2.1095304144090283,
    "sortino": -2.1658643939881377,
    "max_drawdown": 0.23883693464876676,
    "calmar": -0.5001600321234505,
    "avg_turnover": 0.7094276584925733,
    "total_cost": 0.3554232569047792,
    "n_days": 501
  },
  "_sharpe_test_vs_sentiment_only": {
    "diff": 0.17561663149830217,
    "p_value": 0.003
  }
}